Applications,Last_Updated
WhatsApp,12-07-2025
Uber,12-07-2025
Free Fire,12-07-2025
Google Classroom,12-07-2025
Google Maps,12-07-2025
Goibibo,12-07-2025
Uber,12-07-2025
Free Fire,12-07-2025
HealthifyMe,12-07-2025
Google Classroom,12-07-2025
Messenger,12-07-2025
Messenger,12-07-2025
Telegram,12-07-2025
Telegram,12-07-2025
Google Pay,12-07-2025
Google Pay,12-07-2025
Aadhaar,12-07-2025
Aadhaar,12-07-2025
Google Photos,12-07-2025
Facebook,12-07-2025
Threads,12-07-2025
Google Photos,12-07-2025
Facebook,12-07-2025
WhatsApp,12-07-2025
Threads,12-07-2025
Flipkart,12-07-2025
Threads,12-07-2025
Google Maps,12-07-2025
Goibibo,12-07-2025
Uber,12-07-2025
Free Fire,12-07-2025
SHEIN,12-07-2025
Google Classroom,12-07-2025
Messenger,12-07-2025
WhatsApp,12-07-2025
Cure.fit,12-07-2025
Telegram,12-07-2025
Google Pay,12-07-2025
Aadhaar,12-07-2025
Google Photos,12-07-2025
Facebook,12-07-2025
Threads,12-07-2025
WhatsApp,12-07-2025
Google Maps,12-07-2025
Goibibo,12-07-2025
Cure.fit,10-06-2025
Ludo King,10-06-2025
Cure.fit,10-06-2025
Ludo King,10-06-2025
Cure.fit,10-06-2025
Ludo King,10-06-2025
SHEIN,04-02-2025
SHEIN,04-02-2025
SHEIN,04-02-2025
HealthifyMe,02-08-2024
Gmail,12-07-2024
Urban Company,12-07-2024
Gmail,12-07-2024
Urban Company,12-07-2024
Urban Company,12-07-2024
Gmail,12-07-2024
Google Meet,03-07-2024
Google Chat,03-07-2024
Google Chat,03-07-2024
Unacademy,12-06-2024
Unacademy,04-04-2024
Unacademy,04-04-2024
Unacademy,04-04-2024
Flipkart,12-07-2023
HealthifyMe,12-07-2023
Flipkart,12-07-2023
Practo,12-03-2023
Practo,12-03-2023
Practo,12-03-2023
Flipkart,12-01-2023
